SCORE:,score,fa_atr,fa_rep,fa_sol,fa_intra_rep,fa_elec,pro_close,hbond_sr_bb,hbond_lr_bb,hbond_bb_sc,hbond_sc,dslf_fa13,rama,omega,fa_dun,p_aa_pp,ref,irms,rms,description
SCORE:,1817.556,-1321.066,1665.053,720.163,3.412,-96.367,37.229,-83.176,-35.457,-29.788,-18.929,0.000,-6.036,72.168,918.012,-14.565,6.902,0.000,7.066,3ANS.trim.pdbA_0001_0001
SCORE:,2014.890,-1319.300,1796.144,716.084,4.419,-97.706,37.229,-81.034,-35.457,-29.761,-18.194,0.000,-6.987,55.878,997.250,-13.384,9.709,0.000,7.086,3ANS.trim.pdbA_0002_0001
SCORE:,3090.522,-1311.296,2850.887,715.140,4.383,-96.752,37.229,-80.265,-35.457,-29.809,-18.256,0.000,-10.612,73.157,996.412,-12.888,8.649,0.000,7.182,3ANS.trim.pdbA_0001_0001
SCORE:,3504.830,-1328.024,3284.362,724.286,3.857,-94.742,37.229,-80.600,-35.457,-29.878,-18.468,0.000,-9.177,66.674,990.595,-12.455,6.629,0.000,7.044,3ANS.trim.pdbA_0002_0001
SCORE:,1816.761,-1316.669,1538.202,716.871,4.711,-96.285,37.241,-80.866,-35.457,-29.779,-18.164,0.000,-8.690,60.083,1050.751,-13.053,7.865,0.000,7.189,3ANS.trim.pdbA_0001_0001
SCORE:,175.938,-1315.205,331.651,733.754,2.670,-105.981,37.229,-79.953,-35.457,-32.373,-19.914,0.000,-11.751,64.779,639.550,-19.817,-13.244,0.000,7.072,3ANS.trim.pdbA_0002_0001
SCORE:,3539.159,-1323.665,3402.864,725.856,5.417,-95.987,37.229,-81.233,-35.457,-30.485,-18.264,0.000,-6.083,64.759,901.919,-12.713,5.001,0.000,7.063,3ANS.trim.pdbA_0001_0001
SCORE:,3831.777,-1318.819,3471.489,716.320,4.566,-95.408,37.229,-81.266,-35.457,-29.752,-18.194,0.000,-9.103,62.097,1133.444,-14.254,8.886,0.000,7.202,3ANS.trim.pdbA_0002_0001
SCORE:,2346.301,-1320.033,2128.508,718.097,4.033,-95.798,37.229,-82.846,-35.949,-29.723,-18.164,0.000,-9.988,57.294,998.737,-13.703,8.605,0.000,7.032,3ANS.trim.pdbA_0001_0001
SCORE:,2948.639,-1331.819,2757.657,725.026,3.759,-97.435,37.609,-82.804,-35.457,-29.720,-18.225,0.000,-7.867,55.047,979.797,-14.283,7.355,0.000,7.086,3ANS.trim.pdbA_0002_0001
SCORE:,2194.100,-1328.460,2071.114,726.630,4.185,-97.776,37.229,-80.535,-35.457,-30.666,-18.160,0.000,-8.627,60.759,900.445,-14.192,7.610,0.000,7.133,3ANS.trim.pdbA_0001_0001
SCORE:,2821.767,-1317.409,2463.869,714.194,4.994,-95.183,37.229,-78.864,-35.457,-29.717,-18.256,0.000,-10.929,64.223,1127.412,-15.442,11.102,0.000,7.155,3ANS.trim.pdbA_0002_0001
SCORE:,2306.007,-1330.719,2055.165,721.522,5.609,-95.753,37.229,-82.744,-35.457,-29.809,-18.261,0.000,-7.239,68.304,1023.397,-14.029,8.791,0.000,7.182,3ANS.trim.pdbA_0001_0001
SCORE:,3143.936,-1306.619,2914.291,714.244,5.408,-94.350,37.229,-80.988,-35.457,-29.744,-18.261,0.000,-4.662,56.910,986.828,-9.276,8.382,0.000,7.193,3ANS.trim.pdbA_0002_0001
SCORE:,5595.042,-1322.566,5342.573,718.789,5.115,-95.352,37.704,-81.464,-35.457,-29.780,-18.247,0.000,-8.726,56.579,1030.434,-13.196,8.638,0.000,7.132,3ANS.trim.pdbA_0001_0001
SCORE:,2833.915,-1315.559,2616.767,717.842,3.962,-94.768,37.229,-81.553,-35.457,-29.752,-18.286,0.000,-9.196,58.042,990.753,-13.770,7.661,0.000,7.096,3ANS.trim.pdbA_0002_0001
SCORE:,2129.219,-1312.464,1887.102,713.871,4.699,-94.790,37.229,-79.956,-35.457,-29.781,-18.204,0.000,-8.233,63.697,1008.631,-14.542,7.418,0.000,7.040,3ANS.trim.pdbA_0001_0001
SCORE:,1792.482,-1320.661,1581.055,716.078,4.304,-97.820,38.332,-81.956,-35.457,-30.737,-18.129,0.000,-7.709,81.317,970.345,-14.904,8.426,0.000,7.139,3ANS.trim.pdbA_0002_0001
SCORE:,2967.784,-1313.791,2760.071,718.710,5.059,-97.305,37.229,-80.201,-35.763,-30.913,-18.194,0.000,-7.001,57.873,979.040,-14.498,7.468,0.000,7.117,3ANS.trim.pdbA_0001_0001
SCORE:,3613.570,-1317.902,3350.351,714.860,4.550,-95.653,37.229,-80.677,-35.457,-29.799,-18.160,0.000,-8.405,56.356,1041.572,-14.701,9.405,0.000,7.070,3ANS.trim.pdbA_0002_0001