SCORE:,score,fa_atr,fa_rep,fa_sol,fa_intra_rep,fa_elec,pro_close,hbond_sr_bb,hbond_lr_bb,hbond_bb_sc,hbond_sc,dslf_fa13,rama,omega,fa_dun,p_aa_pp,ref,allatom_rms,gdtmm,gdtmm1_1,gdtmm2_2,gdtmm3_3,gdtmm4_3,gdtmm7_4,irms,maxsub,maxsub2.0,rms,description
SCORE:,458.915,-1299.935,730.679,733.830,3.472,-87.988,25.952,-82.801,-37.759,-24.829,-12.246,0.000,-13.196,14.511,534.683,-31.660,6.204,0.772,0.996,0.987,0.994,0.997,1.000,1.000,0.000,313.000,313.000,0.445,1WM1.trim.pdbA_0001_0001
SCORE:,18257.259,-1372.461,18209.964,754.690,4.170,-92.758,25.952,-82.229,-39.068,-24.066,-12.510,0.000,-16.878,16.560,898.023,-28.239,16.109,1.929,0.982,0.974,0.978,0.981,0.981,0.997,0.000,312.000,312.000,1.789,1WM1.trim.pdbA_0002_0001
SCORE:,11763.471,-1344.880,11704.736,736.145,4.170,-91.271,25.952,-82.229,-39.068,-24.186,-12.356,0.000,-14.082,42.631,866.275,-24.475,16.109,1.959,0.985,0.978,0.984,0.984,0.984,0.997,0.000,312.000,312.000,1.856,1WM1.trim.pdbA_0001_0001
SCORE:,1728.214,-1300.365,1967.744,736.285,3.464,-85.916,25.952,-81.269,-37.759,-24.600,-12.556,0.000,-12.493,33.113,538.518,-25.759,3.856,0.652,0.996,0.984,0.997,1.000,1.000,1.000,0.000,313.000,313.000,0.383,1WM1.trim.pdbA_0002_0001
SCORE:,19880.667,-1386.979,19877.564,750.426,4.170,-90.312,25.952,-82.229,-38.210,-24.218,-12.429,0.000,-16.749,13.432,869.746,-25.607,16.109,1.774,0.981,0.974,0.978,0.981,0.984,0.990,0.000,310.000,310.000,1.721,1WM1.trim.pdbA_0001_0001
SCORE:,791.349,-1287.897,1051.686,728.443,3.448,-89.786,25.952,-83.756,-37.759,-25.075,-12.313,0.000,-15.373,23.116,535.184,-28.514,3.993,0.550,0.997,0.987,1.000,1.000,1.000,1.000,0.000,313.000,313.000,0.353,1WM1.trim.pdbA_0002_0001
SCORE:,25850.247,-1416.487,25849.551,771.774,4.170,-91.723,25.952,-82.229,-39.068,-24.241,-12.519,0.000,-13.996,27.768,860.120,-24.935,16.109,2.368,0.983,0.978,0.984,0.984,0.984,0.987,0.000,309.000,309.000,2.319,1WM1.trim.pdbA_0001_0001
SCORE:,1344.436,-1301.112,1620.784,733.533,3.468,-93.893,25.952,-83.233,-39.083,-24.214,-12.490,0.000,-13.478,15.791,533.956,-28.535,6.992,0.753,0.997,0.987,0.997,1.000,1.000,1.000,0.000,313.000,313.000,0.491,1WM1.trim.pdbA_0002_0001
SCORE:,812.758,-1294.673,1070.247,726.557,3.442,-87.509,25.952,-83.582,-37.759,-25.144,-12.383,0.000,-12.111,28.285,532.523,-28.978,7.892,0.840,0.994,0.984,0.990,0.997,0.997,1.000,0.000,313.000,313.000,0.599,1WM1.trim.pdbA_0001_0001
SCORE:,653.524,-1303.688,924.560,732.921,3.478,-85.002,25.952,-83.795,-37.759,-24.718,-13.158,0.000,-17.034,18.183,535.361,-29.250,7.473,0.699,0.997,0.990,0.997,0.997,1.000,1.000,0.000,313.000,313.000,0.414,1WM1.trim.pdbA_0002_0001
SCORE:,1179.046,-1294.054,1438.500,730.075,3.454,-90.608,25.952,-83.481,-37.759,-24.875,-12.959,0.000,-12.579,23.110,533.516,-26.467,7.223,0.902,0.993,0.974,0.994,0.997,1.000,1.000,0.000,313.000,313.000,0.515,1WM1.trim.pdbA_0001_0001
SCORE:,1835.218,-1310.770,2100.110,738.810,3.500,-88.988,25.952,-82.872,-37.759,-24.505,-12.951,0.000,-15.355,24.105,539.671,-28.666,4.935,0.749,0.994,0.978,0.994,1.000,1.000,1.000,0.000,313.000,313.000,0.492,1WM1.trim.pdbA_0002_0001
SCORE:,95.949,-1294.977,368.860,728.572,3.467,-87.699,25.952,-82.195,-37.759,-24.423,-12.313,0.000,-16.414,16.682,531.694,-29.418,5.921,0.699,0.995,0.984,0.994,0.997,1.000,1.000,0.000,313.000,313.000,0.547,1WM1.trim.pdbA_0001_0001
SCORE:,20547.980,-1384.872,20527.357,758.265,4.170,-92.585,25.952,-82.229,-39.068,-24.108,-12.540,0.000,-14.264,17.206,875.169,-26.582,16.109,2.173,0.979,0.971,0.974,0.978,0.978,0.994,0.000,311.000,311.000,2.035,1WM1.trim.pdbA_0002_0001
SCORE:,252.196,-1301.354,530.938,730.229,3.508,-89.685,25.952,-81.970,-39.325,-24.421,-12.657,0.000,-16.729,15.090,536.563,-30.262,6.319,0.555,0.999,0.997,1.000,1.000,1.000,1.000,0.000,313.000,313.000,0.267,1WM1.trim.pdbA_0001_0001
SCORE:,1312.920,-1291.587,1590.246,726.884,3.465,-88.619,25.952,-83.234,-38.275,-24.083,-12.855,0.000,-14.034,12.093,530.827,-30.762,6.903,0.794,0.993,0.984,0.984,0.997,1.000,1.000,0.000,313.000,313.000,0.680,1WM1.trim.pdbA_0002_0001
SCORE:,421.881,-1296.011,666.496,727.606,3.495,-86.707,25.952,-83.384,-37.759,-24.658,-12.289,0.000,-13.795,44.077,532.660,-29.760,5.959,0.756,0.994,0.981,0.987,1.000,1.000,1.000,0.000,313.000,313.000,0.618,1WM1.trim.pdbA_0001_0001
SCORE:,84.622,-1309.471,376.466,733.301,3.503,-90.991,25.952,-84.008,-38.283,-24.730,-12.222,0.000,-18.024,12.543,536.185,-30.603,5.005,0.523,1.000,1.000,1.000,1.000,1.000,1.000,0.000,313.000,313.000,0.296,1WM1.trim.pdbA_0002_0001
SCORE:,11187.460,-1341.835,11147.759,733.308,4.170,-90.017,25.952,-82.229,-38.210,-24.187,-12.346,0.000,-16.252,25.171,866.851,-26.783,16.109,2.756,0.981,0.974,0.978,0.981,0.984,0.987,0.000,309.000,309.000,2.505,1WM1.trim.pdbA_0001_0001
SCORE:,840.592,-1297.486,1106.906,729.937,3.451,-85.688,25.952,-82.567,-37.759,-24.256,-12.336,0.000,-14.370,15.064,533.577,-27.703,7.869,0.569,0.997,0.987,0.997,1.000,1.000,1.000,0.000,313.000,313.000,0.368,1WM1.trim.pdbA_0002_0001